"Relative Time (Process)","seed_747807796 - system/proc.memory.availableMB","seed_747807796 - system/proc.memory.availableMB__MIN","seed_747807796 - system/proc.memory.availableMB__MAX"
"16.0019926","105332.546875","105332.546875","105332.546875"
"31.0214647","105334.30859375","105334.30859375","105334.30859375"
"46.0030914","105369.94921875","105369.94921875","105369.94921875"
"60.9976197","105380.27734375","105380.27734375","105380.27734375"
"76.0396788","105377.4453125","105377.4453125","105377.4453125"
"91.00937","105397.0078125","105397.0078125","105397.0078125"
"106.0298064","105394.5625","105394.5625","105394.5625"
"121.0073343","105380.77734375","105380.77734375","105380.77734375"
"135.9981757","105372.7734375","105372.7734375","105372.7734375"
"151.0169267","105372.16015625","105372.16015625","105372.16015625"
"165.9994853","105354.8515625","105354.8515625","105354.8515625"
"181.0388158","105361.75","105361.75","105361.75"
"196.0132166","105361.22265625","105361.22265625","105361.22265625"
"211.0062094","105355.09375","105355.09375","105355.09375"
"226.007988","105297.47265625","105297.47265625","105297.47265625"
"240.9947561","105266.5703125","105266.5703125","105266.5703125"
"256.0004139","105207.9375","105207.9375","105207.9375"
"270.9744486","105228.93359375","105228.93359375","105228.93359375"
"285.9731433","105242.7421875","105242.7421875","105242.7421875"
"301.0050317","105177.58203125","105177.58203125","105177.58203125"
"316.0044812","105025.7890625","105025.7890625","105025.7890625"
"331.0011611","105062.68359375","105062.68359375","105062.68359375"
"345.9952766","105053.85546875","105053.85546875","105053.85546875"
"361.0055978","105040.2578125","105040.2578125","105040.2578125"
"375.9852535","105076.4765625","105076.4765625","105076.4765625"
"391.0076396","105026.78515625","105026.78515625","105026.78515625"
"406.0010258","105043.8828125","105043.8828125","105043.8828125"
"421.0011925","105012.921875","105012.921875","105012.921875"
"436.0011005","105009.05078125","105009.05078125","105009.05078125"
"450.9831625","105020.50390625","105020.50390625","105020.50390625"
"465.9948973","105059.671875","105059.671875","105059.671875"
"481.0140657","105081.23828125","105081.23828125","105081.23828125"
"496.0113515","105081.796875","105081.796875","105081.796875"
"510.97314","104996.9375","104996.9375","104996.9375"
"525.9907149","104980.0078125","104980.0078125","104980.0078125"
"541.0163683","104959.69140625","104959.69140625","104959.69140625"
"556.0037384","104982.93359375","104982.93359375","104982.93359375"
"571.001097","105096.83203125","105096.83203125","105096.83203125"
"585.9735006","104987.7578125","104987.7578125","104987.7578125"
"600.9833738","104939.5390625","104939.5390625","104939.5390625"
"615.973134","104952.0546875","104952.0546875","104952.0546875"
"630.9789729","104988.31640625","104988.31640625","104988.31640625"
"645.9739908","105009.57421875","105009.57421875","105009.57421875"
"660.9733891","104992.99609375","104992.99609375","104992.99609375"
"675.9737767","104991.265625","104991.265625","104991.265625"
"690.980858","104982.59375","104982.59375","104982.59375"
"706.0002211","104924.5703125","104924.5703125","104924.5703125"
"720.9985501","104956.609375","104956.609375","104956.609375"
"736.0055173","104924.75","104924.75","104924.75"
"750.9976835","104836.7109375","104836.7109375","104836.7109375"
"765.9982553","104937.64453125","104937.64453125","104937.64453125"
"780.9879616","105137.765625","105137.765625","105137.765625"
"795.989714","105097.89453125","105097.89453125","105097.89453125"
"811.0153619","105097.17578125","105097.17578125","105097.17578125"
"826.0145901","105083.9375","105083.9375","105083.9375"
"841.0155418","105092.1328125","105092.1328125","105092.1328125"
"856.0006172","105078.58984375","105078.58984375","105078.58984375"
"870.9849476","104936.83984375","104936.83984375","104936.83984375"
"886.0111714","104825.1484375","104825.1484375","104825.1484375"
"901.001548","104784.73046875","104784.73046875","104784.73046875"
"916.0088411","104829.83984375","104829.83984375","104829.83984375"
"930.9925995","104853.25390625","104853.25390625","104853.25390625"
"946.0007106","104811.53515625","104811.53515625","104811.53515625"
"961.0011575","104698.375","104698.375","104698.375"
"975.9987039","104766.76171875","104766.76171875","104766.76171875"
"991.0003579","104730.01171875","104730.01171875","104730.01171875"
"1005.9733072","104747.58203125","104747.58203125","104747.58203125"
"1020.9770154","104782.92578125","104782.92578125","104782.92578125"
"1035.9757073","104813.42578125","104813.42578125","104813.42578125"